"cohort_month","month_number","active_agents","cohort_size","retention_rate"
"2024-01-01 00:00:00+01",2,1,1,1.0000
"2024-01-01 00:00:00+01",6,1,1,1.0000
"2024-02-01 00:00:00+01",2,1,1,1.0000
"2024-02-01 00:00:00+01",5,1,1,1.0000
"2024-06-01 00:00:00+01",1,1,2,0.5000
"2024-06-01 00:00:00+01",2,1,2,0.5000
"2024-06-01 00:00:00+01",3,1,2,0.5000
"2024-06-01 00:00:00+01",4,1,2,0.5000
"2024-06-01 00:00:00+01",5,1,2,0.5000
"2024-06-01 00:00:00+01",6,2,2,1.0000
"2024-07-01 00:00:00+01",1,29,35,0.8286
"2024-07-01 00:00:00+01",2,21,35,0.6000
"2024-07-01 00:00:00+01",3,20,35,0.5714
"2024-07-01 00:00:00+01",4,19,35,0.5429
"2024-07-01 00:00:00+01",5,22,35,0.6286
"2024-07-01 00:00:00+01",6,16,35,0.4571
"2024-08-01 00:00:00+01",1,41,45,0.9111
"2024-08-01 00:00:00+01",2,37,45,0.8222
"2024-08-01 00:00:00+01",3,30,45,0.6667
"2024-08-01 00:00:00+01",4,28,45,0.6222
"2024-08-01 00:00:00+01",5,25,45,0.5556
"2024-08-01 00:00:00+01",6,25,45,0.5556
"2024-09-01 00:00:00+01",1,36,43,0.8372
"2024-09-01 00:00:00+01",2,28,43,0.6512
"2024-09-01 00:00:00+01",3,27,43,0.6279
"2024-09-01 00:00:00+01",4,20,43,0.4651
"2024-09-01 00:00:00+01",5,20,43,0.4651
"2024-09-01 00:00:00+01",6,19,43,0.4419
"2024-10-01 00:00:00+01",1,48,53,0.9057
"2024-10-01 00:00:00+01",2,41,53,0.7736
"2024-10-01 00:00:00+01",3,35,53,0.6604
"2024-10-01 00:00:00+01",4,31,53,0.5849
"2024-10-01 00:00:00+01",5,29,53,0.5472
"2024-10-01 00:00:00+01",6,27,53,0.5094
"2024-11-01 00:00:00+01",1,27,30,0.9000
"2024-11-01 00:00:00+01",2,19,30,0.6333
"2024-11-01 00:00:00+01",3,18,30,0.6000
"2024-11-01 00:00:00+01",4,15,30,0.5000
"2024-11-01 00:00:00+01",5,15,30,0.5000
"2024-11-01 00:00:00+01",6,17,30,0.5667
"2024-12-01 00:00:00+01",1,39,44,0.8864
"2024-12-01 00:00:00+01",2,31,44,0.7045
"2024-12-01 00:00:00+01",3,28,44,0.6364
"2024-12-01 00:00:00+01",4,24,44,0.5455
"2024-12-01 00:00:00+01",5,26,44,0.5909
"2024-12-01 00:00:00+01",6,28,44,0.6364
"2025-01-01 00:00:00+01",1,51,57,0.8947
"2025-01-01 00:00:00+01",2,43,57,0.7544
"2025-01-01 00:00:00+01",3,36,57,0.6316
"2025-01-01 00:00:00+01",4,31,57,0.5439
"2025-01-01 00:00:00+01",5,32,57,0.5614
"2025-01-01 00:00:00+01",6,31,57,0.5439
"2025-02-01 00:00:00+01",1,35,39,0.8974
"2025-02-01 00:00:00+01",2,26,39,0.6667
"2025-02-01 00:00:00+01",3,24,39,0.6154
"2025-02-01 00:00:00+01",4,21,39,0.5385
"2025-02-01 00:00:00+01",5,25,39,0.6410
"2025-02-01 00:00:00+01",6,22,39,0.5641
"2025-03-01 00:00:00+01",1,47,50,0.9400
"2025-03-01 00:00:00+01",2,35,50,0.7000
"2025-03-01 00:00:00+01",3,31,50,0.6200
"2025-03-01 00:00:00+01",4,26,50,0.5200
"2025-03-01 00:00:00+01",5,24,50,0.4800
"2025-03-01 00:00:00+01",6,24,50,0.4800
"2025-04-01 00:00:00+01",1,40,45,0.8889
"2025-04-01 00:00:00+01",2,35,45,0.7778
"2025-04-01 00:00:00+01",3,27,45,0.6000
"2025-04-01 00:00:00+01",4,27,45,0.6000
"2025-04-01 00:00:00+01",5,27,45,0.6000
"2025-04-01 00:00:00+01",6,26,45,0.5778
"2025-05-01 00:00:00+01",1,40,46,0.8696
"2025-05-01 00:00:00+01",2,29,46,0.6304
"2025-05-01 00:00:00+01",3,26,46,0.5652
"2025-05-01 00:00:00+01",4,22,46,0.4783
"2025-05-01 00:00:00+01",5,24,46,0.5217
"2025-05-01 00:00:00+01",6,24,46,0.5217
"2025-06-01 00:00:00+01",1,37,41,0.9024
"2025-06-01 00:00:00+01",2,28,41,0.6829
"2025-06-01 00:00:00+01",3,27,41,0.6585
"2025-06-01 00:00:00+01",4,23,41,0.5610
"2025-06-01 00:00:00+01",5,22,41,0.5366
"2025-06-01 00:00:00+01",6,20,41,0.4878
"2025-07-01 00:00:00+01",1,33,36,0.9167
"2025-07-01 00:00:00+01",2,27,36,0.7500
"2025-07-01 00:00:00+01",3,24,36,0.6667
"2025-07-01 00:00:00+01",4,22,36,0.6111
"2025-07-01 00:00:00+01",5,25,36,0.6944
"2025-07-01 00:00:00+01",6,19,36,0.5278
"2025-08-01 00:00:00+01",1,46,53,0.8679
"2025-08-01 00:00:00+01",2,40,53,0.7547
"2025-08-01 00:00:00+01",3,33,53,0.6226
"2025-08-01 00:00:00+01",4,32,53,0.6038
"2025-08-01 00:00:00+01",5,29,53,0.5472
"2025-08-01 00:00:00+01",6,28,53,0.5283
"2025-09-01 00:00:00+01",1,40,43,0.9302
"2025-09-01 00:00:00+01",2,33,43,0.7674
"2025-09-01 00:00:00+01",3,24,43,0.5581
"2025-09-01 00:00:00+01",4,21,43,0.4884
"2025-09-01 00:00:00+01",5,21,43,0.4884
"2025-09-01 00:00:00+01",6,21,43,0.4884
"2025-10-01 00:00:00+01",1,37,39,0.9487
"2025-10-01 00:00:00+01",2,31,39,0.7949
"2025-10-01 00:00:00+01",3,25,39,0.6410
"2025-10-01 00:00:00+01",4,20,39,0.5128
"2025-10-01 00:00:00+01",5,21,39,0.5385
"2025-10-01 00:00:00+01",6,20,39,0.5128
"2025-11-01 00:00:00+01",1,47,58,0.8103
"2025-11-01 00:00:00+01",2,40,58,0.6897
"2025-11-01 00:00:00+01",3,36,58,0.6207
"2025-11-01 00:00:00+01",4,32,58,0.5517
"2025-11-01 00:00:00+01",5,33,58,0.5690
"2025-11-01 00:00:00+01",6,31,58,0.5345
"2025-12-01 00:00:00+01",1,39,43,0.9070
"2025-12-01 00:00:00+01",2,30,43,0.6977
"2025-12-01 00:00:00+01",3,23,43,0.5349
"2025-12-01 00:00:00+01",4,22,43,0.5116
"2025-12-01 00:00:00+01",5,24,43,0.5581
"2025-12-01 00:00:00+01",6,20,43,0.4651
"2026-01-01 00:00:00+01",1,46,54,0.8519
"2026-01-01 00:00:00+01",2,33,54,0.6111
"2026-01-01 00:00:00+01",3,32,54,0.5926
"2026-01-01 00:00:00+01",4,31,54,0.5741
"2026-01-01 00:00:00+01",5,31,54,0.5741
"2026-01-01 00:00:00+01",6,29,54,0.5370
"2026-02-01 00:00:00+01",1,40,44,0.9091
"2026-02-01 00:00:00+01",2,31,44,0.7045
"2026-02-01 00:00:00+01",3,29,44,0.6591
"2026-02-01 00:00:00+01",4,28,44,0.6364
"2026-02-01 00:00:00+01",5,26,44,0.5909
"2026-02-01 00:00:00+01",6,25,44,0.5682
"2026-03-01 00:00:00+01",1,42,46,0.9130
"2026-03-01 00:00:00+01",2,38,46,0.8261
"2026-03-01 00:00:00+01",3,32,46,0.6957
"2026-03-01 00:00:00+01",4,31,46,0.6739
"2026-03-01 00:00:00+01",5,31,46,0.6739
"2026-03-01 00:00:00+01",6,19,46,0.4130
"2026-04-01 00:00:00+01",1,37,40,0.9250
"2026-04-01 00:00:00+01",2,28,40,0.7000
"2026-04-01 00:00:00+01",3,25,40,0.6250
"2026-04-01 00:00:00+01",4,21,40,0.5250
"2026-04-01 00:00:00+01",5,13,40,0.3250
"2026-04-01 00:00:00+01",6,7,40,0.1750
"2026-05-01 00:00:00+01",1,56,58,0.9655
"2026-05-01 00:00:00+01",2,42,58,0.7241
"2026-05-01 00:00:00+01",3,39,58,0.6724
"2026-05-01 00:00:00+01",4,10,58,0.1724
"2026-05-01 00:00:00+01",5,16,58,0.2759
"2026-05-01 00:00:00+01",6,17,58,0.2931
"2026-06-01 00:00:00+01",1,3,3,1.0000
"2026-06-01 00:00:00+01",2,2,3,0.6667
"2026-06-01 00:00:00+01",3,2,3,0.6667
"2026-06-01 00:00:00+01",5,1,3,0.3333
"2026-06-01 00:00:00+01",6,1,3,0.3333
"2026-07-01 00:00:00+01",1,1,1,1.0000
"2026-07-01 00:00:00+01",3,1,1,1.0000
"2026-07-01 00:00:00+01",4,1,1,1.0000
"2026-07-01 00:00:00+01",5,1,1,1.0000
"2026-08-01 00:00:00+01",1,1,1,1.0000
"2026-08-01 00:00:00+01",3,1,1,1.0000
"2026-08-01 00:00:00+01",4,1,1,1.0000
"2026-09-01 00:00:00+01",1,1,2,0.5000
"2026-09-01 00:00:00+01",3,1,2,0.5000
