"txn_date","daily_fee","running_fee_total","daily_txn_count","moving_avg_7day_txn_volume"
"2024-01-08",187.00,187.00,3,3.0000000000000000
"2024-01-09",7940.00,8127.00,14,8.5000000000000000
"2024-01-10",6825.00,14952.00,10,9.0000000000000000
"2024-01-11",10153.00,25105.00,15,10.5000000000000000
"2024-01-12",12847.00,37952.00,15,11.4000000000000000
"2024-02-08",1999.00,39951.00,6,10.5000000000000000
"2024-02-09",4677.00,44628.00,9,10.2857142857142857
"2024-02-10",8648.00,53276.00,14,11.8571428571428571
"2024-02-11",3422.00,56698.00,17,12.2857142857142857
"2024-02-12",26088.00,82786.00,22,14.0000000000000000
"2024-03-08",3971.00,86757.00,6,12.7142857142857143
"2024-03-09",4156.00,90913.00,9,11.8571428571428571
"2024-03-10",9119.00,100032.00,19,13.7142857142857143
"2024-03-11",16732.00,116764.00,24,15.8571428571428571
"2024-03-12",10341.00,127105.00,18,16.4285714285714286
"2024-04-07",19.00,127124.00,1,14.1428571428571429
"2024-04-08",1702.00,128826.00,4,11.5714285714285714
"2024-04-09",5351.00,134177.00,7,11.7142857142857143
"2024-04-10",6563.00,140740.00,15,12.5714285714285714
"2024-04-11",4868.00,145608.00,9,11.1428571428571429
"2024-04-12",6739.00,152347.00,21,10.7142857142857143
"2024-05-07",314.00,152661.00,2,8.4285714285714286
"2024-05-08",6018.00,158679.00,6,9.1428571428571429
"2024-05-09",12414.00,171093.00,16,10.8571428571428571
"2024-05-10",4798.00,175891.00,12,11.5714285714285714
"2024-05-11",16287.00,192178.00,18,12.0000000000000000
"2024-05-12",9579.00,201757.00,17,13.1428571428571429
"2024-06-08",3271.00,205028.00,7,11.1428571428571429
"2024-06-09",3721.00,208749.00,7,11.8571428571428571
"2024-06-10",6692.00,215441.00,23,14.2857142857142857
"2024-06-11",3864.00,219305.00,17,14.4285714285714286
"2024-06-12",6214.00,225519.00,14,14.7142857142857143
"2024-07-02",81.00,225600.00,2,12.4285714285714286
"2024-07-03",22.00,225622.00,2,10.2857142857142857
"2024-07-04",1558.00,227180.00,1,9.4285714285714286
"2024-07-06",808.00,227988.00,1,8.5714285714285714
"2024-07-07",12697.00,240685.00,11,6.8571428571428571
"2024-07-08",1443.00,242128.00,11,6.0000000000000000
"2024-07-09",8357.00,250485.00,23,7.2857142857142857
"2024-07-10",25801.00,276286.00,27,10.8571428571428571
"2024-07-11",24014.00,300300.00,35,15.5714285714285714
"2024-07-12",15833.00,316133.00,37,20.7142857142857143
"2024-07-13",10775.00,326908.00,10,22.0000000000000000
"2024-07-14",17008.00,343916.00,16,22.7142857142857143
"2024-07-15",11443.00,355359.00,27,25.0000000000000000
"2024-07-16",11176.00,366535.00,15,23.8571428571428571
"2024-07-17",25540.00,392075.00,21,23.0000000000000000
"2024-07-18",14384.00,406459.00,22,21.1428571428571429
"2024-07-19",21714.00,428173.00,22,19.0000000000000000
"2024-07-20",19409.00,447582.00,36,22.7142857142857143
"2024-07-21",12989.00,460571.00,30,24.7142857142857143
"2024-07-22",17888.00,478459.00,30,25.1428571428571429
"2024-07-23",18982.00,497441.00,23,26.2857142857142857
"2024-07-24",8055.00,505496.00,22,26.4285714285714286
"2024-07-25",11760.00,517256.00,30,27.5714285714285714
"2024-07-26",7491.00,524747.00,23,27.7142857142857143
"2024-07-27",37967.00,562714.00,26,26.2857142857142857
"2024-07-28",13607.00,576321.00,34,26.8571428571428571
"2024-07-29",18360.00,594681.00,28,26.5714285714285714
"2024-07-30",9589.00,604270.00,27,27.1428571428571429
"2024-07-31",3687.00,607957.00,13,25.8571428571428571
"2024-08-01",10692.00,618649.00,21,24.5714285714285714
"2024-08-02",12091.00,630740.00,19,24.0000000000000000
"2024-08-03",6347.00,637087.00,24,23.7142857142857143
"2024-08-04",20018.00,657105.00,28,22.8571428571428571
"2024-08-05",8588.00,665693.00,21,21.8571428571428571
"2024-08-06",21577.00,687270.00,27,21.8571428571428571
"2024-08-07",5254.00,692524.00,29,24.1428571428571429
"2024-08-08",18325.00,710849.00,36,26.2857142857142857
"2024-08-09",16792.00,727641.00,40,29.2857142857142857
"2024-08-10",29339.00,756980.00,50,33.0000000000000000
"2024-08-11",23178.00,780158.00,42,35.0000000000000000
"2024-08-12",23644.00,803802.00,49,39.0000000000000000
"2024-08-13",27805.00,831607.00,43,41.2857142857142857
"2024-08-14",16269.00,847876.00,33,41.8571428571428571
"2024-08-15",33739.00,881615.00,39,42.2857142857142857
"2024-08-16",34558.00,916173.00,46,43.1428571428571429
"2024-08-17",28711.00,944884.00,38,41.4285714285714286
"2024-08-18",21736.00,966620.00,41,41.2857142857142857
"2024-08-19",33049.00,999669.00,61,43.0000000000000000
"2024-08-20",36487.00,1036156.00,50,44.0000000000000000
"2024-08-21",40905.00,1077061.00,54,47.0000000000000000
"2024-08-22",24695.00,1101756.00,38,46.8571428571428571
"2024-08-23",53572.00,1155328.00,52,47.7142857142857143
"2024-08-24",41985.00,1197313.00,53,49.8571428571428571
"2024-08-25",40670.00,1237983.00,56,52.0000000000000000
"2024-08-26",36544.00,1274527.00,51,50.5714285714285714
"2024-08-27",38200.00,1312727.00,46,50.0000000000000000
"2024-08-28",43828.00,1356555.00,47,49.0000000000000000
"2024-08-29",18036.00,1374591.00,45,50.0000000000000000
"2024-08-30",13454.00,1388045.00,52,50.0000000000000000
"2024-08-31",38827.00,1426872.00,71,52.5714285714285714
"2024-09-01",23679.00,1450551.00,42,50.5714285714285714
"2024-09-02",41381.00,1491932.00,53,50.8571428571428571
"2024-09-03",35448.00,1527380.00,45,50.7142857142857143
"2024-09-04",43343.00,1570723.00,54,51.7142857142857143
"2024-09-05",52791.00,1623514.00,61,54.0000000000000000
"2024-09-06",21396.00,1644910.00,55,54.4285714285714286
"2024-09-07",38933.00,1683843.00,59,52.7142857142857143
"2024-09-08",59705.00,1743548.00,76,57.5714285714285714
"2024-09-09",31697.00,1775245.00,85,62.1428571428571429
"2024-09-10",65058.00,1840303.00,80,67.1428571428571429
"2024-09-11",50870.00,1891173.00,88,72.0000000000000000
"2024-09-12",48088.00,1939261.00,81,74.8571428571428571
"2024-09-13",63547.00,2002808.00,81,78.5714285714285714
"2024-09-14",67030.00,2069838.00,78,81.2857142857142857
"2024-09-15",33129.00,2102967.00,97,84.2857142857142857
"2024-09-16",40590.00,2143557.00,87,84.5714285714285714
"2024-09-17",69409.00,2212966.00,90,86.0000000000000000
"2024-09-18",68450.00,2281416.00,90,86.2857142857142857
"2024-09-19",28161.00,2309577.00,77,85.7142857142857143
"2024-09-20",35048.00,2344625.00,84,86.1428571428571429
"2024-09-21",46725.00,2391350.00,91,88.0000000000000000
"2024-09-22",41174.00,2432524.00,78,85.2857142857142857
"2024-09-23",43128.00,2475652.00,79,84.1428571428571429
"2024-09-24",81448.00,2557100.00,94,84.7142857142857143
"2024-09-25",50138.00,2607238.00,80,83.2857142857142857
"2024-09-26",46173.00,2653411.00,84,84.2857142857142857
"2024-09-27",52796.00,2706207.00,89,85.0000000000000000
"2024-09-28",35612.00,2741819.00,71,82.1428571428571429
"2024-09-29",31039.00,2772858.00,77,82.0000000000000000
"2024-09-30",67571.00,2840429.00,88,83.2857142857142857
"2024-10-01",42718.00,2883147.00,77,80.8571428571428571
"2024-10-02",50008.00,2933155.00,84,81.4285714285714286
"2024-10-03",40445.00,2973600.00,70,79.4285714285714286
"2024-10-04",66058.00,3039658.00,65,76.0000000000000000
"2024-10-05",40898.00,3080556.00,76,76.7142857142857143
"2024-10-06",34855.00,3115411.00,68,75.4285714285714286
"2024-10-07",42899.00,3158310.00,69,72.7142857142857143
"2024-10-08",27519.00,3185829.00,56,69.7142857142857143
"2024-10-09",77509.00,3263338.00,98,71.7142857142857143
"2024-10-10",81428.00,3344766.00,102,76.2857142857142857
"2024-10-11",80171.00,3424937.00,100,81.2857142857142857
"2024-10-12",50106.00,3475043.00,94,83.8571428571428571
"2024-10-13",48810.00,3523853.00,89,86.8571428571428571
"2024-10-14",57506.00,3581359.00,91,90.0000000000000000
"2024-10-15",51198.00,3632557.00,89,94.7142857142857143
"2024-10-16",66497.00,3699054.00,104,95.5714285714285714
"2024-10-17",78932.00,3777986.00,97,94.8571428571428571
"2024-10-18",87612.00,3865598.00,103,95.2857142857142857
"2024-10-19",48234.00,3913832.00,85,94.0000000000000000
"2024-10-20",45891.00,3959723.00,89,94.0000000000000000
"2024-10-21",45980.00,4005703.00,84,93.0000000000000000
"2024-10-22",43180.00,4048883.00,87,92.7142857142857143
"2024-10-23",53442.00,4102325.00,87,90.2857142857142857
"2024-10-24",74898.00,4177223.00,101,90.8571428571428571
"2024-10-25",73181.00,4250404.00,124,93.8571428571428571
"2024-10-26",39235.00,4289639.00,93,95.0000000000000000
"2024-10-27",58889.00,4348528.00,94,95.7142857142857143
"2024-10-28",54314.00,4402842.00,101,98.1428571428571429
"2024-10-29",48318.00,4451160.00,95,99.2857142857142857
"2024-10-30",57450.00,4508610.00,96,100.5714285714285714
"2024-10-31",49683.00,4558293.00,87,98.5714285714285714
"2024-11-01",65641.00,4623934.00,81,92.4285714285714286
"2024-11-02",80768.00,4704702.00,98,93.1428571428571429
"2024-11-03",64113.00,4768815.00,87,92.1428571428571429
"2024-11-04",38675.00,4807490.00,61,86.4285714285714286
"2024-11-05",57251.00,4864741.00,74,83.4285714285714286
"2024-11-06",57034.00,4921775.00,90,82.5714285714285714
"2024-11-07",77258.00,4999033.00,86,82.4285714285714286
"2024-11-08",52033.00,5051066.00,90,83.7142857142857143
"2024-11-09",77411.00,5128477.00,117,86.4285714285714286
"2024-11-10",42525.00,5171002.00,89,86.7142857142857143
"2024-11-11",50393.00,5221395.00,99,92.1428571428571429
"2024-11-12",51781.00,5273176.00,85,93.7142857142857143
"2024-11-13",51400.00,5324576.00,103,95.5714285714285714
"2024-11-14",55946.00,5380522.00,90,96.1428571428571429
"2024-11-15",65834.00,5446356.00,97,97.1428571428571429
"2024-11-16",41965.00,5488321.00,94,93.8571428571428571
"2024-11-17",69591.00,5557912.00,87,93.5714285714285714
"2024-11-18",69648.00,5627560.00,115,95.8571428571428571
"2024-11-19",78961.00,5706521.00,100,98.0000000000000000
"2024-11-20",46522.00,5753043.00,109,98.8571428571428571
"2024-11-21",58647.00,5811690.00,114,102.2857142857142857
"2024-11-22",85904.00,5897594.00,126,106.4285714285714286
"2024-11-23",76213.00,5973807.00,117,109.7142857142857143
"2024-11-24",67795.00,6041602.00,123,114.8571428571428571
"2024-11-25",55820.00,6097422.00,113,114.5714285714285714
"2024-11-26",68751.00,6166173.00,112,116.2857142857142857
"2024-11-27",82385.00,6248558.00,131,119.4285714285714286
"2024-11-28",89587.00,6338145.00,118,120.0000000000000000
"2024-11-29",71233.00,6409378.00,121,119.2857142857142857
"2024-11-30",69094.00,6478472.00,114,118.8571428571428571
"2024-12-01",52337.00,6530809.00,95,114.8571428571428571
"2024-12-02",62212.00,6593021.00,96,112.4285714285714286
"2024-12-03",56498.00,6649519.00,107,111.7142857142857143
"2024-12-04",61791.00,6711310.00,114,109.2857142857142857
"2024-12-05",43888.00,6755198.00,89,105.1428571428571429
"2024-12-06",59931.00,6815129.00,86,100.1428571428571429
"2024-12-07",137253.00,6952382.00,139,103.7142857142857143
"2024-12-08",77895.00,7030277.00,104,105.0000000000000000
"2024-12-09",80726.00,7111003.00,122,108.7142857142857143
"2024-12-10",48449.00,7159452.00,106,108.5714285714285714
"2024-12-11",82389.00,7241841.00,108,107.7142857142857143
"2024-12-12",87514.00,7329355.00,107,110.2857142857142857
"2024-12-13",63733.00,7393088.00,114,114.2857142857142857
"2024-12-14",56458.00,7449546.00,120,111.5714285714285714
"2024-12-15",96168.00,7545714.00,137,116.2857142857142857
"2024-12-16",63276.00,7608990.00,115,115.2857142857142857
"2024-12-17",69669.00,7678659.00,109,115.7142857142857143
"2024-12-18",44862.00,7723521.00,120,117.4285714285714286
"2024-12-19",97388.00,7820909.00,137,121.7142857142857143
"2024-12-20",100514.00,7921423.00,144,126.0000000000000000
"2024-12-21",70185.00,7991608.00,128,127.1428571428571429
"2024-12-22",79401.00,8071009.00,138,127.2857142857142857
"2024-12-23",83272.00,8154281.00,127,129.0000000000000000
"2024-12-24",61432.00,8215713.00,128,131.7142857142857143
"2024-12-25",76864.00,8292577.00,142,134.8571428571428571
"2024-12-26",101558.00,8394135.00,145,136.0000000000000000
"2024-12-27",53559.00,8447694.00,128,133.7142857142857143
"2024-12-28",92668.00,8540362.00,126,133.4285714285714286
"2024-12-29",94447.00,8634809.00,134,132.8571428571428571
"2024-12-30",64111.00,8698920.00,135,134.0000000000000000
"2024-12-31",85759.00,8784679.00,137,135.2857142857142857
"2025-01-01",63845.00,8848524.00,122,132.4285714285714286
"2025-01-02",102103.00,8950627.00,160,134.5714285714285714
"2025-01-03",104760.00,9055387.00,138,136.0000000000000000
"2025-01-04",118549.00,9173936.00,152,139.7142857142857143
"2025-01-05",75570.00,9249506.00,139,140.4285714285714286
"2025-01-06",143452.00,9392958.00,169,145.2857142857142857
"2025-01-07",97935.00,9490893.00,141,145.8571428571428571
"2025-01-08",75239.00,9566132.00,132,147.2857142857142857
"2025-01-09",69624.00,9635756.00,147,145.4285714285714286
"2025-01-10",95292.00,9731048.00,146,146.5714285714285714
"2025-01-11",109750.00,9840798.00,168,148.8571428571428571
"2025-01-12",113668.00,9954466.00,175,154.0000000000000000
"2025-01-13",92018.00,10046484.00,144,150.4285714285714286
"2025-01-14",94772.00,10141256.00,134,149.4285714285714286
"2025-01-15",128423.00,10269679.00,162,153.7142857142857143
"2025-01-16",66995.00,10336674.00,137,152.2857142857142857
"2025-01-17",109986.00,10446660.00,154,153.4285714285714286
"2025-01-18",113476.00,10560136.00,172,154.0000000000000000
"2025-01-19",99643.00,10659779.00,144,149.5714285714285714
"2025-01-20",83865.00,10743644.00,156,151.2857142857142857
"2025-01-21",99740.00,10843384.00,164,155.5714285714285714
"2025-01-22",99629.00,10943013.00,172,157.0000000000000000
"2025-01-23",79200.00,11022213.00,156,159.7142857142857143
"2025-01-24",104549.00,11126762.00,167,161.5714285714285714
"2025-01-25",85225.00,11211987.00,158,159.5714285714285714
"2025-01-26",115087.00,11327074.00,172,163.5714285714285714
"2025-01-27",114194.00,11441268.00,171,165.7142857142857143
"2025-01-28",90224.00,11531492.00,159,165.0000000000000000
"2025-01-29",112098.00,11643590.00,160,163.2857142857142857
"2025-01-30",92146.00,11735736.00,155,163.1428571428571429
"2025-01-31",125406.00,11861142.00,166,163.0000000000000000
"2025-02-01",104003.00,11965145.00,163,163.7142857142857143
"2025-02-02",65792.00,12030937.00,151,160.7142857142857143
"2025-02-03",118705.00,12149642.00,165,159.8571428571428571
"2025-02-04",61362.00,12211004.00,158,159.7142857142857143
"2025-02-05",82643.00,12293647.00,178,162.2857142857142857
"2025-02-06",102313.00,12395960.00,147,161.1428571428571429
"2025-02-07",94113.00,12490073.00,171,161.8571428571428571
"2025-02-08",122931.00,12613004.00,163,161.8571428571428571
"2025-02-09",96928.00,12709932.00,166,164.0000000000000000
"2025-02-10",109960.00,12819892.00,170,164.7142857142857143
"2025-02-11",125006.00,12944898.00,193,169.7142857142857143
"2025-02-12",117514.00,13062412.00,200,172.8571428571428571
"2025-02-13",95747.00,13158159.00,141,172.0000000000000000
"2025-02-14",124481.00,13282640.00,158,170.1428571428571429
"2025-02-15",131410.00,13414050.00,169,171.0000000000000000
"2025-02-16",101366.00,13515416.00,168,171.2857142857142857
"2025-02-17",63667.00,13579083.00,143,167.4285714285714286
"2025-02-18",103056.00,13682139.00,186,166.4285714285714286
"2025-02-19",121690.00,13803829.00,176,163.0000000000000000
"2025-02-20",104487.00,13908316.00,172,167.4285714285714286
"2025-02-21",110301.00,14018617.00,175,169.8571428571428571
"2025-02-22",88212.00,14106829.00,183,171.8571428571428571
"2025-02-23",90482.00,14197311.00,187,174.5714285714285714
"2025-02-24",119518.00,14316829.00,208,183.8571428571428571
"2025-02-25",127458.00,14444287.00,174,182.1428571428571429
"2025-02-26",104471.00,14548758.00,172,181.5714285714285714
"2025-02-27",82842.00,14631600.00,147,178.0000000000000000
"2025-02-28",90438.00,14722038.00,164,176.4285714285714286
"2025-03-01",108227.00,14830265.00,173,175.0000000000000000
"2025-03-02",136902.00,14967167.00,193,175.8571428571428571
"2025-03-03",94323.00,15061490.00,173,170.8571428571428571
"2025-03-04",102492.00,15163982.00,187,172.7142857142857143
"2025-03-05",99024.00,15263006.00,203,177.1428571428571429
"2025-03-06",119264.00,15382270.00,182,182.1428571428571429
"2025-03-07",92336.00,15474606.00,168,182.7142857142857143
"2025-03-08",129823.00,15604429.00,190,185.1428571428571429
"2025-03-09",113916.00,15718345.00,184,183.8571428571428571
"2025-03-10",96276.00,15814621.00,168,183.1428571428571429
"2025-03-11",147882.00,15962503.00,207,186.0000000000000000
"2025-03-12",117323.00,16079826.00,207,186.5714285714285714
"2025-03-13",94272.00,16174098.00,173,185.2857142857142857
"2025-03-14",168457.00,16342555.00,217,192.2857142857142857
"2025-03-15",93160.00,16435715.00,169,189.2857142857142857
"2025-03-16",116133.00,16551848.00,165,186.5714285714285714
"2025-03-17",88235.00,16640083.00,181,188.4285714285714286
"2025-03-18",87412.00,16727495.00,158,181.4285714285714286
"2025-03-19",128104.00,16855599.00,175,176.8571428571428571
"2025-03-20",115958.00,16971557.00,190,179.2857142857142857
"2025-03-21",131281.00,17102838.00,180,174.0000000000000000
"2025-03-22",95260.00,17198098.00,164,173.2857142857142857
"2025-03-23",118333.00,17316431.00,194,177.4285714285714286
"2025-03-24",114666.00,17431097.00,193,179.1428571428571429
"2025-03-25",105982.00,17537079.00,201,185.2857142857142857
"2025-03-26",121634.00,17658713.00,203,189.2857142857142857
"2025-03-27",108342.00,17767055.00,182,188.1428571428571429
"2025-03-28",119891.00,17886946.00,185,188.8571428571428571
"2025-03-29",134773.00,18021719.00,211,195.5714285714285714
"2025-03-30",82202.00,18103921.00,190,195.0000000000000000
"2025-03-31",109482.00,18213403.00,186,194.0000000000000000
"2025-04-01",121531.00,18334934.00,179,190.8571428571428571
"2025-04-02",69249.00,18404183.00,174,186.7142857142857143
"2025-04-03",116461.00,18520644.00,207,190.2857142857142857
"2025-04-04",90217.00,18610861.00,183,190.0000000000000000
"2025-04-05",116262.00,18727123.00,182,185.8571428571428571
"2025-04-06",129301.00,18856424.00,188,185.5714285714285714
"2025-04-07",98834.00,18955258.00,188,185.8571428571428571
"2025-04-08",119842.00,19075100.00,207,189.8571428571428571
"2025-04-09",135489.00,19210589.00,206,194.4285714285714286
"2025-04-10",131209.00,19341798.00,187,191.5714285714285714
"2025-04-11",112099.00,19453897.00,213,195.8571428571428571
"2025-04-12",121058.00,19574955.00,199,198.2857142857142857
"2025-04-13",92122.00,19667077.00,199,199.8571428571428571
"2025-04-14",126668.00,19793745.00,210,203.0000000000000000
"2025-04-15",116041.00,19909786.00,193,201.0000000000000000
"2025-04-16",139585.00,20049371.00,212,201.8571428571428571
"2025-04-17",103776.00,20153147.00,194,202.8571428571428571
"2025-04-18",139752.00,20292899.00,201,201.1428571428571429
"2025-04-19",136110.00,20429009.00,186,199.2857142857142857
"2025-04-20",146064.00,20575073.00,206,200.2857142857142857
"2025-04-21",98731.00,20673804.00,199,198.7142857142857143
"2025-04-22",154109.00,20827913.00,197,199.2857142857142857
"2025-04-23",126639.00,20954552.00,233,202.2857142857142857
"2025-04-24",147847.00,21102399.00,217,205.5714285714285714
"2025-04-25",130114.00,21232513.00,211,207.0000000000000000
"2025-04-26",118272.00,21350785.00,197,208.5714285714285714
"2025-04-27",109344.00,21460129.00,204,208.2857142857142857
"2025-04-28",142819.00,21602948.00,215,210.5714285714285714
"2025-04-29",97492.00,21700440.00,194,210.1428571428571429
"2025-04-30",94765.00,21795205.00,192,204.2857142857142857
"2025-05-01",135073.00,21930278.00,198,201.5714285714285714
"2025-05-02",136644.00,22066922.00,207,201.0000000000000000
"2025-05-03",102349.00,22169271.00,193,200.4285714285714286
"2025-05-04",174451.00,22343722.00,208,201.0000000000000000
"2025-05-05",106256.00,22449978.00,201,199.0000000000000000
"2025-05-06",155398.00,22605376.00,202,200.1428571428571429
"2025-05-07",107437.00,22712813.00,190,199.8571428571428571
"2025-05-08",130264.00,22843077.00,203,200.5714285714285714
"2025-05-09",108929.00,22952006.00,226,203.2857142857142857
"2025-05-10",99107.00,23051113.00,210,205.7142857142857143
"2025-05-11",116234.00,23167347.00,237,209.8571428571428571
"2025-05-12",185833.00,23353180.00,201,209.8571428571428571
"2025-05-13",83118.00,23436298.00,192,208.4285714285714286
"2025-05-14",124182.00,23560480.00,199,209.7142857142857143
"2025-05-15",145180.00,23705660.00,207,210.2857142857142857
"2025-05-16",109244.00,23814904.00,196,206.0000000000000000
"2025-05-17",109269.00,23924173.00,191,203.2857142857142857
"2025-05-18",126652.00,24050825.00,210,199.4285714285714286
"2025-05-19",136126.00,24186951.00,240,205.0000000000000000
"2025-05-20",148441.00,24335392.00,205,206.8571428571428571
"2025-05-21",105344.00,24440736.00,203,207.4285714285714286
"2025-05-22",110037.00,24550773.00,193,205.4285714285714286
"2025-05-23",114958.00,24665731.00,199,205.8571428571428571
"2025-05-24",139883.00,24805614.00,207,208.1428571428571429
"2025-05-25",130487.00,24936101.00,202,207.0000000000000000
"2025-05-26",150079.00,25086180.00,224,204.7142857142857143
"2025-05-27",127498.00,25213678.00,207,205.0000000000000000
"2025-05-28",113393.00,25327071.00,199,204.4285714285714286
"2025-05-29",106093.00,25433164.00,201,205.5714285714285714
"2025-05-30",103234.00,25536398.00,203,206.1428571428571429
"2025-05-31",129868.00,25666266.00,197,204.7142857142857143
"2025-06-01",123946.00,25790212.00,178,201.2857142857142857
"2025-06-02",95256.00,25885468.00,190,196.4285714285714286
"2025-06-03",118865.00,26004333.00,200,195.4285714285714286
"2025-06-04",153652.00,26157985.00,216,197.8571428571428571
"2025-06-05",131782.00,26289767.00,202,198.0000000000000000
"2025-06-06",123476.00,26413243.00,183,195.1428571428571429
"2025-06-07",118816.00,26532059.00,195,194.8571428571428571
"2025-06-08",102723.00,26634782.00,186,196.0000000000000000
"2025-06-09",118888.00,26753670.00,219,200.1428571428571429
"2025-06-10",109629.00,26863299.00,222,203.2857142857142857
"2025-06-11",134343.00,26997642.00,219,203.7142857142857143
"2025-06-12",157474.00,27155116.00,223,206.7142857142857143
"2025-06-13",128359.00,27283475.00,196,208.5714285714285714
"2025-06-14",132410.00,27415885.00,224,212.7142857142857143
"2025-06-15",139378.00,27555263.00,240,220.4285714285714286
"2025-06-16",95253.00,27650516.00,202,218.0000000000000000
"2025-06-17",146386.00,27796902.00,244,221.1428571428571429
"2025-06-18",136844.00,27933746.00,220,221.2857142857142857
"2025-06-19",104005.00,28037751.00,223,221.2857142857142857
"2025-06-20",117607.00,28155358.00,221,224.8571428571428571
"2025-06-21",85851.00,28241209.00,213,223.2857142857142857
"2025-06-22",104199.00,28345408.00,206,218.4285714285714286
"2025-06-23",137697.00,28483105.00,224,221.5714285714285714
"2025-06-24",120864.00,28603969.00,227,219.1428571428571429
"2025-06-25",164595.00,28768564.00,202,216.5714285714285714
"2025-06-26",115864.00,28884428.00,214,215.2857142857142857
"2025-06-27",114540.00,28998968.00,230,216.5714285714285714
"2025-06-28",124259.00,29123227.00,213,216.5714285714285714
"2025-06-29",148198.00,29271425.00,209,217.0000000000000000
"2025-06-30",125400.00,29396825.00,220,216.4285714285714286
"2025-07-01",110027.00,29506852.00,203,213.0000000000000000
"2025-07-02",80597.00,29587449.00,196,212.1428571428571429
"2025-07-03",119415.00,29706864.00,206,211.0000000000000000
"2025-07-04",92667.00,29799531.00,189,205.1428571428571429
"2025-07-05",143330.00,29942861.00,194,202.4285714285714286
"2025-07-06",149322.00,30092183.00,231,205.5714285714285714
"2025-07-07",120984.00,30213167.00,208,203.8571428571428571
"2025-07-08",147590.00,30360757.00,246,210.0000000000000000
"2025-07-09",120082.00,30480839.00,233,215.2857142857142857
"2025-07-10",124721.00,30605560.00,214,216.4285714285714286
"2025-07-11",186461.00,30792021.00,249,225.0000000000000000
"2025-07-12",139872.00,30931893.00,222,229.0000000000000000
"2025-07-13",104231.00,31036124.00,233,229.2857142857142857
"2025-07-14",128046.00,31164170.00,226,231.8571428571428571
"2025-07-15",107768.00,31271938.00,190,223.8571428571428571
"2025-07-16",175081.00,31447019.00,237,224.4285714285714286
"2025-07-17",107541.00,31554560.00,201,222.5714285714285714
"2025-07-18",118406.00,31672966.00,198,215.2857142857142857
"2025-07-19",122649.00,31795615.00,199,212.0000000000000000
"2025-07-20",108895.00,31904510.00,187,205.4285714285714286
"2025-07-21",124889.00,32029399.00,217,204.1428571428571429
"2025-07-22",143117.00,32172516.00,211,207.1428571428571429
"2025-07-23",126039.00,32298555.00,223,205.1428571428571429
"2025-07-24",170987.00,32469542.00,240,210.7142857142857143
"2025-07-25",130524.00,32600066.00,219,213.7142857142857143
"2025-07-26",152249.00,32752315.00,249,220.8571428571428571
"2025-07-27",115889.00,32868204.00,220,225.5714285714285714
"2025-07-28",131120.00,32999324.00,225,226.7142857142857143
"2025-07-29",139253.00,33138577.00,212,226.8571428571428571
"2025-07-30",104055.00,33242632.00,192,222.4285714285714286
"2025-07-31",155358.00,33397990.00,216,219.0000000000000000
"2025-08-01",119572.00,33517562.00,202,216.5714285714285714
"2025-08-02",137147.00,33654709.00,211,211.1428571428571429
"2025-08-03",91390.00,33746099.00,192,207.1428571428571429
"2025-08-04",174264.00,33920363.00,237,208.8571428571428571
"2025-08-05",161740.00,34082103.00,238,212.5714285714285714
"2025-08-06",175347.00,34257450.00,218,216.2857142857142857
"2025-08-07",141842.00,34399292.00,249,221.0000000000000000
"2025-08-08",118706.00,34517998.00,216,223.0000000000000000
"2025-08-09",140166.00,34658164.00,209,222.7142857142857143
"2025-08-10",123672.00,34781836.00,205,224.5714285714285714
"2025-08-11",127632.00,34909468.00,241,225.1428571428571429
"2025-08-12",127671.00,35037139.00,228,223.7142857142857143
"2025-08-13",165830.00,35202969.00,244,227.4285714285714286
"2025-08-14",126166.00,35329135.00,234,225.2857142857142857
"2025-08-15",132942.00,35462077.00,229,227.1428571428571429
"2025-08-16",122457.00,35584534.00,239,231.4285714285714286
"2025-08-17",152611.00,35737145.00,231,235.1428571428571429
"2025-08-18",131201.00,35868346.00,221,232.2857142857142857
"2025-08-19",126395.00,35994741.00,231,232.7142857142857143
"2025-08-20",118169.00,36112910.00,227,230.2857142857142857
"2025-08-21",195638.00,36308548.00,240,231.1428571428571429
"2025-08-22",109392.00,36417940.00,221,230.0000000000000000
"2025-08-23",144335.00,36562275.00,252,231.8571428571428571
"2025-08-24",142803.00,36705078.00,250,234.5714285714285714
"2025-08-25",160031.00,36865109.00,227,235.4285714285714286
"2025-08-26",115929.00,36981038.00,261,239.7142857142857143
"2025-08-27",160084.00,37141122.00,230,240.1428571428571429
"2025-08-28",139713.00,37280835.00,246,241.0000000000000000
"2025-08-29",144073.00,37424908.00,207,239.0000000000000000
"2025-08-30",115938.00,37540846.00,211,233.1428571428571429
"2025-08-31",161701.00,37702547.00,235,231.0000000000000000
"2025-09-01",111038.00,37813585.00,228,231.1428571428571429
"2025-09-02",120382.00,37933967.00,223,225.7142857142857143
"2025-09-03",160911.00,38094878.00,217,223.8571428571428571
"2025-09-04",187985.00,38282863.00,232,221.8571428571428571
"2025-09-05",129881.00,38412744.00,200,220.8571428571428571
"2025-09-06",144740.00,38557484.00,278,230.4285714285714286
"2025-09-07",125703.00,38683187.00,214,227.4285714285714286
"2025-09-08",122553.00,38805740.00,236,228.5714285714285714
"2025-09-09",166279.00,38972019.00,269,235.1428571428571429
"2025-09-10",178689.00,39150708.00,283,244.5714285714285714
"2025-09-11",171187.00,39321895.00,285,252.1428571428571429
"2025-09-12",146640.00,39468535.00,259,260.5714285714285714
"2025-09-13",203991.00,39672526.00,272,259.7142857142857143
"2025-09-14",156089.00,39828615.00,252,265.1428571428571429
"2025-09-15",149462.00,39978077.00,238,265.4285714285714286
"2025-09-16",169395.00,40147472.00,241,261.4285714285714286
"2025-09-17",116821.00,40264293.00,253,257.1428571428571429
"2025-09-18",149403.00,40413696.00,250,252.1428571428571429
"2025-09-19",165384.00,40579080.00,244,250.0000000000000000
"2025-09-20",142917.00,40721997.00,240,245.4285714285714286
"2025-09-21",175608.00,40897605.00,248,244.8571428571428571
"2025-09-22",138433.00,41036038.00,236,244.5714285714285714
"2025-09-23",142213.00,41178251.00,269,248.5714285714285714
"2025-09-24",138079.00,41316330.00,246,247.5714285714285714
"2025-09-25",128498.00,41444828.00,258,248.7142857142857143
"2025-09-26",111284.00,41556112.00,253,250.0000000000000000
"2025-09-27",116737.00,41672849.00,244,250.5714285714285714
"2025-09-28",139624.00,41812473.00,245,250.1428571428571429
"2025-09-29",139895.00,41952368.00,253,252.5714285714285714
"2025-09-30",140471.00,42092839.00,237,248.0000000000000000
"2025-10-01",141664.00,42234503.00,232,246.0000000000000000
"2025-10-02",139528.00,42374031.00,215,239.8571428571428571
"2025-10-03",152960.00,42526991.00,264,241.4285714285714286
"2025-10-04",142773.00,42669764.00,227,239.0000000000000000
"2025-10-05",172833.00,42842597.00,265,241.8571428571428571
"2025-10-06",169839.00,43012436.00,258,242.5714285714285714
"2025-10-07",124238.00,43136674.00,234,242.1428571428571429
"2025-10-08",165383.00,43302057.00,257,245.7142857142857143
"2025-10-09",174706.00,43476763.00,274,254.1428571428571429
"2025-10-10",137634.00,43614397.00,251,252.2857142857142857
"2025-10-11",103657.00,43718054.00,252,255.8571428571428571
"2025-10-12",153312.00,43871366.00,262,255.4285714285714286
"2025-10-13",151627.00,44022993.00,244,253.4285714285714286
"2025-10-14",127334.00,44150327.00,246,255.1428571428571429
"2025-10-15",130680.00,44281007.00,225,250.5714285714285714
"2025-10-16",161896.00,44442903.00,247,246.7142857142857143
"2025-10-17",161670.00,44604573.00,236,244.5714285714285714
"2025-10-18",114960.00,44719533.00,242,243.1428571428571429
"2025-10-19",144504.00,44864037.00,225,237.8571428571428571
"2025-10-20",164498.00,45028535.00,270,241.5714285714285714
"2025-10-21",160944.00,45189479.00,256,243.0000000000000000
"2025-10-22",173222.00,45362701.00,264,248.5714285714285714
"2025-10-23",150275.00,45512976.00,266,251.2857142857142857
"2025-10-24",179001.00,45691977.00,244,252.4285714285714286
"2025-10-25",90282.00,45782259.00,206,247.2857142857142857
"2025-10-26",171178.00,45953437.00,234,248.5714285714285714
"2025-10-27",127039.00,46080476.00,254,246.2857142857142857
"2025-10-28",113871.00,46194347.00,223,241.5714285714285714
"2025-10-29",140662.00,46335009.00,267,242.0000000000000000
"2025-10-30",165157.00,46500166.00,266,242.0000000000000000
"2025-10-31",108950.00,46609116.00,246,242.2857142857142857
"2025-11-01",113695.00,46722811.00,216,243.7142857142857143
"2025-11-02",135188.00,46857999.00,239,244.4285714285714286
"2025-11-03",166574.00,47024573.00,246,243.2857142857142857
"2025-11-04",106008.00,47130581.00,226,243.7142857142857143
"2025-11-05",191836.00,47322417.00,253,241.7142857142857143
"2025-11-06",155083.00,47477500.00,255,240.1428571428571429
"2025-11-07",158242.00,47635742.00,231,238.0000000000000000
"2025-11-08",151456.00,47787198.00,249,242.7142857142857143
"2025-11-09",129933.00,47917131.00,269,247.0000000000000000
"2025-11-10",157667.00,48074798.00,288,253.0000000000000000
"2025-11-11",155614.00,48230412.00,252,256.7142857142857143
"2025-11-12",163208.00,48393620.00,244,255.4285714285714286
"2025-11-13",126355.00,48519975.00,275,258.2857142857142857
"2025-11-14",188229.00,48708204.00,297,267.7142857142857143
"2025-11-15",173081.00,48881285.00,289,273.4285714285714286
"2025-11-16",171722.00,49053007.00,245,270.0000000000000000
"2025-11-17",175213.00,49228220.00,279,268.7142857142857143
"2025-11-18",159129.00,49387349.00,256,269.2857142857142857
"2025-11-19",181385.00,49568734.00,278,274.1428571428571429
"2025-11-20",191277.00,49760011.00,283,275.2857142857142857
"2025-11-21",178859.00,49938870.00,290,274.2857142857142857
"2025-11-22",181448.00,50120318.00,260,270.1428571428571429
"2025-11-23",156431.00,50276749.00,288,276.2857142857142857
"2025-11-24",196768.00,50473517.00,280,276.4285714285714286
"2025-11-25",160356.00,50633873.00,250,275.5714285714285714
"2025-11-26",162640.00,50796513.00,253,272.0000000000000000
"2025-11-27",174704.00,50971217.00,282,271.8571428571428571
"2025-11-28",155645.00,51126862.00,254,266.7142857142857143
"2025-11-29",173215.00,51300077.00,282,269.8571428571428571
"2025-11-30",176592.00,51476669.00,299,271.4285714285714286
"2025-12-01",136833.00,51613502.00,253,267.5714285714285714
"2025-12-02",167797.00,51781299.00,275,271.1428571428571429
"2025-12-03",170530.00,51951829.00,275,274.2857142857142857
"2025-12-04",143190.00,52095019.00,233,267.2857142857142857
"2025-12-05",147723.00,52242742.00,254,267.2857142857142857
"2025-12-06",185784.00,52428526.00,269,265.4285714285714286
"2025-12-07",151875.00,52580401.00,256,259.2857142857142857
"2025-12-08",157388.00,52737789.00,258,260.0000000000000000
"2025-12-09",176337.00,52914126.00,273,259.7142857142857143
"2025-12-10",122514.00,53036640.00,247,255.7142857142857143
"2025-12-11",151410.00,53188050.00,302,265.5714285714285714
"2025-12-12",164114.00,53352164.00,255,265.7142857142857143
"2025-12-13",148080.00,53500244.00,268,265.5714285714285714
"2025-12-14",163809.00,53664053.00,265,266.8571428571428571
"2025-12-15",182311.00,53846364.00,276,269.4285714285714286
"2025-12-16",157128.00,54003492.00,267,268.5714285714285714
"2025-12-17",184237.00,54187729.00,298,275.8571428571428571
"2025-12-18",149454.00,54337183.00,268,271.0000000000000000
"2025-12-19",162764.00,54499947.00,265,272.4285714285714286
"2025-12-20",214845.00,54714792.00,271,272.8571428571428571
"2025-12-21",185740.00,54900532.00,274,274.1428571428571429
"2025-12-22",184317.00,55084849.00,276,274.1428571428571429
"2025-12-23",160708.00,55245557.00,263,273.5714285714285714
"2025-12-24",160679.00,55406236.00,294,273.0000000000000000
"2025-12-25",158432.00,55564668.00,291,276.2857142857142857
"2025-12-26",131232.00,55695900.00,279,278.2857142857142857
"2025-12-27",151657.00,55847557.00,276,279.0000000000000000
"2025-12-28",192171.00,56039728.00,296,282.1428571428571429
"2025-12-29",168709.00,56208437.00,273,281.7142857142857143
"2025-12-30",179015.00,56387452.00,290,285.5714285714285714
"2025-12-31",147980.00,56535432.00,261,280.8571428571428571
"2026-01-01",167222.00,56702654.00,278,279.0000000000000000
"2026-01-02",165348.00,56868002.00,310,283.4285714285714286
"2026-01-03",219034.00,57087036.00,303,287.2857142857142857
"2026-01-04",151140.00,57238176.00,285,285.7142857142857143
"2026-01-05",145097.00,57383273.00,298,289.2857142857142857
"2026-01-06",176120.00,57559393.00,296,290.1428571428571429
"2026-01-07",146123.00,57705516.00,262,290.2857142857142857
"2026-01-08",163124.00,57868640.00,279,290.4285714285714286
"2026-01-09",129071.00,57997711.00,226,278.4285714285714286
"2026-01-10",204881.00,58202592.00,244,270.0000000000000000
"2026-01-11",149859.00,58352451.00,247,264.5714285714285714
"2026-01-12",143190.00,58495641.00,259,259.0000000000000000
"2026-01-13",156598.00,58652239.00,268,255.0000000000000000
"2026-01-14",164599.00,58816838.00,268,255.8571428571428571
"2026-01-15",186807.00,59003645.00,275,255.2857142857142857
"2026-01-16",197321.00,59200966.00,292,264.7142857142857143
"2026-01-17",149830.00,59350796.00,294,271.8571428571428571
"2026-01-18",198038.00,59548834.00,309,280.7142857142857143
"2026-01-19",210778.00,59759612.00,312,288.2857142857142857
"2026-01-20",148799.00,59908411.00,272,288.8571428571428571
"2026-01-21",192925.00,60101336.00,315,295.5714285714285714
"2026-01-22",165490.00,60266826.00,303,299.5714285714285714
"2026-01-23",207782.00,60474608.00,315,302.8571428571428571
"2026-01-24",161589.00,60636197.00,294,302.8571428571428571
"2026-01-25",167911.00,60804108.00,294,300.7142857142857143
"2026-01-26",196213.00,61000321.00,263,293.7142857142857143
"2026-01-27",216603.00,61216924.00,317,300.1428571428571429
"2026-01-28",210559.00,61427483.00,322,301.1428571428571429
"2026-01-29",168679.00,61596162.00,297,300.2857142857142857
"2026-01-30",170793.00,61766955.00,320,301.0000000000000000
"2026-01-31",166520.00,61933475.00,294,301.0000000000000000
"2026-02-01",158355.00,62091830.00,313,303.7142857142857143
"2026-02-02",218617.00,62310447.00,301,309.1428571428571429
"2026-02-03",161420.00,62471867.00,266,301.8571428571428571
"2026-02-04",163012.00,62634879.00,271,294.5714285714285714
"2026-02-05",165421.00,62800300.00,275,291.4285714285714286
"2026-02-06",178474.00,62978774.00,313,290.4285714285714286
"2026-02-07",180244.00,63159018.00,317,293.7142857142857143
"2026-02-08",123794.00,63282812.00,290,290.4285714285714286
"2026-02-09",112880.00,63395692.00,242,282.0000000000000000
"2026-02-10",96127.00,63491819.00,222,275.7142857142857143
"2026-02-11",136817.00,63628636.00,226,269.2857142857142857
"2026-02-12",186547.00,63815183.00,223,261.8571428571428571
"2026-02-13",171952.00,63987135.00,297,259.5714285714285714
"2026-02-14",188166.00,64175301.00,270,252.8571428571428571
"2026-02-15",168911.00,64344212.00,278,251.1428571428571429
"2026-02-16",168309.00,64512521.00,295,258.7142857142857143
"2026-02-17",167674.00,64680195.00,287,268.0000000000000000
"2026-02-18",162718.00,64842913.00,271,274.4285714285714286
"2026-02-19",144823.00,64987736.00,278,282.2857142857142857
"2026-02-20",129407.00,65117143.00,273,278.8571428571428571
"2026-02-21",194642.00,65311785.00,296,282.5714285714285714
"2026-02-22",184612.00,65496397.00,323,289.0000000000000000
"2026-02-23",185933.00,65682330.00,314,291.7142857142857143
"2026-02-24",161135.00,65843465.00,296,293.0000000000000000
"2026-02-25",158871.00,66002336.00,274,293.4285714285714286
"2026-02-26",156045.00,66158381.00,280,293.7142857142857143
"2026-02-27",152862.00,66311243.00,313,299.4285714285714286
"2026-02-28",185230.00,66496473.00,308,301.1428571428571429
"2026-03-01",172371.00,66668844.00,283,295.4285714285714286
"2026-03-02",204395.00,66873239.00,288,291.7142857142857143
"2026-03-03",217816.00,67091055.00,302,292.5714285714285714
"2026-03-04",157489.00,67248544.00,276,292.8571428571428571
"2026-03-05",175391.00,67423935.00,284,293.4285714285714286
"2026-03-06",182035.00,67605970.00,310,293.0000000000000000
"2026-03-07",161866.00,67767836.00,315,294.0000000000000000
"2026-03-08",140929.00,67908765.00,274,292.7142857142857143
"2026-03-09",138350.00,68047115.00,227,284.0000000000000000
"2026-03-10",136735.00,68183850.00,224,272.8571428571428571
"2026-03-11",117349.00,68301199.00,226,265.7142857142857143
"2026-03-12",140657.00,68441856.00,239,259.2857142857142857
"2026-03-13",168530.00,68610386.00,270,253.5714285714285714
"2026-03-14",188664.00,68799050.00,294,250.5714285714285714
"2026-03-15",158556.00,68957606.00,279,251.2857142857142857
"2026-03-16",146770.00,69104376.00,262,256.2857142857142857
"2026-03-17",182357.00,69286733.00,296,266.5714285714285714
"2026-03-18",157883.00,69444616.00,283,274.7142857142857143
"2026-03-19",156341.00,69600957.00,271,279.2857142857142857
"2026-03-20",152135.00,69753092.00,274,279.8571428571428571
"2026-03-21",175429.00,69928521.00,304,281.2857142857142857
"2026-03-22",136094.00,70064615.00,272,280.2857142857142857
"2026-03-23",201865.00,70266480.00,278,282.5714285714285714
"2026-03-24",171984.00,70438464.00,279,280.1428571428571429
"2026-03-25",174027.00,70612491.00,270,278.2857142857142857
"2026-03-26",197466.00,70809957.00,299,282.2857142857142857
"2026-03-27",176416.00,70986373.00,299,285.8571428571428571
"2026-03-28",198558.00,71184931.00,320,288.1428571428571429
"2026-03-29",164922.00,71349853.00,313,294.0000000000000000
"2026-03-30",219846.00,71569699.00,314,299.1428571428571429
"2026-03-31",183958.00,71753657.00,286,300.1428571428571429
"2026-04-01",161033.00,71914690.00,310,305.8571428571428571
"2026-04-02",176472.00,72091162.00,318,308.5714285714285714
"2026-04-03",193644.00,72284806.00,316,311.0000000000000000
"2026-04-04",228683.00,72513489.00,293,307.1428571428571429
"2026-04-05",195433.00,72708922.00,299,305.1428571428571429
"2026-04-06",163697.00,72872619.00,309,304.4285714285714286
"2026-04-07",150830.00,73023449.00,328,310.4285714285714286
"2026-04-08",197695.00,73221144.00,293,308.0000000000000000
"2026-04-09",195263.00,73416407.00,273,301.5714285714285714
"2026-04-10",156321.00,73572728.00,292,298.1428571428571429
"2026-04-11",141216.00,73713944.00,267,294.4285714285714286
"2026-04-12",222609.00,73936553.00,278,291.4285714285714286
"2026-04-13",150767.00,74087320.00,304,290.7142857142857143
"2026-04-14",173548.00,74260868.00,309,288.0000000000000000
"2026-04-15",168366.00,74429234.00,289,287.4285714285714286
"2026-04-16",162434.00,74591668.00,318,293.8571428571428571
"2026-04-17",211072.00,74802740.00,305,295.7142857142857143
"2026-04-18",155669.00,74958409.00,312,302.1428571428571429
"2026-04-19",211883.00,75170292.00,307,306.2857142857142857
"2026-04-20",189824.00,75360116.00,297,305.2857142857142857
"2026-04-21",188057.00,75548173.00,299,303.8571428571428571
"2026-04-22",160206.00,75708379.00,290,304.0000000000000000
"2026-04-23",195026.00,75903405.00,273,297.5714285714285714
"2026-04-24",207849.00,76111254.00,321,299.8571428571428571
"2026-04-25",217431.00,76328685.00,293,297.1428571428571429
"2026-04-26",213747.00,76542432.00,332,300.7142857142857143
"2026-04-27",201122.00,76743554.00,305,301.8571428571428571
"2026-04-28",210744.00,76954298.00,323,305.2857142857142857
"2026-04-29",198267.00,77152565.00,309,308.0000000000000000
"2026-04-30",182717.00,77335282.00,309,313.1428571428571429
"2026-05-01",239356.00,77574638.00,321,313.1428571428571429
"2026-05-02",149423.00,77724061.00,299,314.0000000000000000
"2026-05-03",147249.00,77871310.00,306,310.2857142857142857
"2026-05-04",180292.00,78051602.00,315,311.7142857142857143
"2026-05-05",198693.00,78250295.00,312,310.1428571428571429
"2026-05-06",173870.00,78424165.00,319,311.5714285714285714
"2026-05-07",206982.00,78631147.00,301,310.4285714285714286
"2026-05-08",222362.00,78853509.00,319,310.1428571428571429
"2026-05-09",180089.00,79033598.00,296,309.7142857142857143
"2026-05-10",176610.00,79210208.00,264,303.7142857142857143
"2026-05-11",165885.00,79376093.00,278,298.4285714285714286
"2026-05-12",149409.00,79525502.00,243,288.5714285714285714
"2026-05-13",203633.00,79729135.00,305,286.5714285714285714
"2026-05-14",154830.00,79883965.00,304,287.0000000000000000
"2026-05-15",214919.00,80098884.00,327,288.1428571428571429
"2026-05-16",208183.00,80307067.00,332,293.2857142857142857
"2026-05-17",212475.00,80519542.00,343,304.5714285714285714
"2026-05-18",208367.00,80727909.00,310,309.1428571428571429
"2026-05-19",230798.00,80958707.00,337,322.5714285714285714
"2026-05-20",165586.00,81124293.00,322,325.0000000000000000
"2026-05-21",193881.00,81318174.00,311,326.0000000000000000
"2026-05-22",222553.00,81540727.00,322,325.2857142857142857
"2026-05-23",234289.00,81775016.00,330,325.0000000000000000
"2026-05-24",166576.00,81941592.00,339,324.4285714285714286
"2026-05-25",200349.00,82141941.00,352,330.4285714285714286
"2026-05-26",235099.00,82377040.00,332,329.7142857142857143
"2026-05-27",199866.00,82576906.00,315,328.7142857142857143
"2026-05-28",208200.00,82785106.00,325,330.7142857142857143
"2026-05-29",216019.00,83001125.00,301,327.7142857142857143
"2026-05-30",232408.00,83233533.00,357,331.5714285714285714
"2026-05-31",198590.00,83432123.00,322,329.1428571428571429
"2026-06-01",189501.00,83621624.00,302,322.0000000000000000
"2026-06-02",174911.00,83796535.00,299,317.2857142857142857
"2026-06-03",210479.00,84007014.00,311,316.7142857142857143
"2026-06-04",222513.00,84229527.00,331,317.5714285714285714
"2026-06-05",208987.00,84438514.00,345,323.8571428571428571
"2026-06-06",193828.00,84632342.00,322,318.8571428571428571
"2026-06-07",209324.00,84841666.00,307,316.7142857142857143
"2026-06-08",174944.00,85016610.00,288,314.7142857142857143
"2026-06-09",139558.00,85156168.00,240,306.2857142857142857
"2026-06-10",220151.00,85376319.00,274,301.0000000000000000
"2026-06-11",142753.00,85519072.00,244,288.5714285714285714
"2026-06-12",148264.00,85667336.00,241,273.7142857142857143
"2026-06-13",186272.00,85853608.00,294,269.7142857142857143
"2026-06-14",181539.00,86035147.00,292,267.5714285714285714
"2026-06-15",184284.00,86219431.00,308,270.4285714285714286
"2026-06-16",181542.00,86400973.00,292,277.8571428571428571
"2026-06-17",211569.00,86612542.00,304,282.1428571428571429
"2026-06-18",207213.00,86819755.00,309,291.4285714285714286
"2026-06-19",163560.00,86983315.00,293,298.8571428571428571
"2026-06-20",212493.00,87195808.00,297,299.2857142857142857
"2026-06-21",204188.00,87399996.00,300,300.4285714285714286
"2026-06-22",242029.00,87642025.00,317,301.7142857142857143
"2026-06-23",186622.00,87828647.00,310,304.2857142857142857
"2026-06-24",191077.00,88019724.00,298,303.4285714285714286
"2026-06-25",173647.00,88193371.00,299,302.0000000000000000
"2026-06-26",200504.00,88393875.00,333,307.7142857142857143
"2026-06-27",226903.00,88620778.00,309,309.4285714285714286
"2026-06-28",172552.00,88793330.00,276,306.0000000000000000
"2026-06-29",180886.00,88974216.00,293,302.5714285714285714
"2026-06-30",199161.00,89173377.00,304,301.7142857142857143
"2026-07-01",185498.00,89358875.00,280,299.1428571428571429
"2026-07-02",142417.00,89501292.00,280,296.4285714285714286
"2026-07-03",174642.00,89675934.00,298,291.4285714285714286
"2026-07-04",177132.00,89853066.00,270,285.8571428571428571
"2026-07-05",179605.00,90032671.00,272,285.2857142857142857
"2026-07-06",170601.00,90203272.00,269,281.8571428571428571
"2026-07-07",168316.00,90371588.00,277,278.0000000000000000
"2026-07-08",163128.00,90534716.00,266,276.0000000000000000
"2026-07-09",156002.00,90690718.00,248,271.4285714285714286
"2026-07-10",146304.00,90837022.00,241,263.2857142857142857
"2026-07-11",152270.00,90989292.00,225,256.8571428571428571
"2026-07-12",94365.00,91083657.00,178,243.4285714285714286
"2026-07-13",173138.00,91256795.00,285,245.7142857142857143
"2026-07-14",167808.00,91424603.00,256,242.7142857142857143
"2026-07-15",170833.00,91595436.00,268,243.0000000000000000
"2026-07-16",171582.00,91767018.00,270,246.1428571428571429
"2026-07-17",173209.00,91940227.00,263,249.2857142857142857
"2026-07-18",159658.00,92099885.00,272,256.0000000000000000
"2026-07-19",185674.00,92285559.00,254,266.8571428571428571
"2026-07-20",184630.00,92470189.00,290,267.5714285714285714
"2026-07-21",152167.00,92622356.00,265,268.8571428571428571
"2026-07-22",168491.00,92790847.00,253,266.7142857142857143
"2026-07-23",156434.00,92947281.00,263,265.7142857142857143
"2026-07-24",164302.00,93111583.00,248,263.5714285714285714
"2026-07-25",167258.00,93278841.00,245,259.7142857142857143
"2026-07-26",183687.00,93462528.00,263,261.0000000000000000
"2026-07-27",176187.00,93638715.00,273,258.5714285714285714
"2026-07-28",166488.00,93805203.00,272,259.5714285714285714
"2026-07-29",141183.00,93946386.00,246,258.5714285714285714
"2026-07-30",131336.00,94077722.00,217,252.0000000000000000
"2026-07-31",160783.00,94238505.00,250,252.2857142857142857
"2026-08-01",157182.00,94395687.00,276,256.7142857142857143
"2026-08-02",178008.00,94573695.00,279,259.0000000000000000
"2026-08-03",209316.00,94783011.00,275,259.2857142857142857
"2026-08-04",142268.00,94925279.00,268,258.7142857142857143
"2026-08-05",139032.00,95064311.00,282,263.8571428571428571
"2026-08-06",176459.00,95240770.00,270,271.4285714285714286
"2026-08-07",120410.00,95361180.00,258,272.5714285714285714
"2026-08-08",155938.00,95517118.00,254,269.4285714285714286
"2026-08-09",151271.00,95668389.00,239,263.7142857142857143
"2026-08-10",125235.00,95793624.00,195,252.2857142857142857
"2026-08-11",84859.00,95878483.00,183,240.1428571428571429
"2026-08-12",162816.00,96041299.00,183,226.0000000000000000
"2026-08-13",123935.00,96165234.00,237,221.2857142857142857
"2026-08-14",171980.00,96337214.00,248,219.8571428571428571
"2026-08-15",161641.00,96498855.00,252,219.5714285714285714
"2026-08-16",145551.00,96644406.00,238,219.4285714285714286
"2026-08-17",148077.00,96792483.00,236,225.2857142857142857
"2026-09-01",20206.00,96812689.00,40,204.8571428571428571
"2026-09-02",30273.00,96842962.00,52,186.1428571428571429
"2026-09-03",18371.00,96861333.00,47,159.0000000000000000
"2026-09-04",30289.00,96891622.00,47,130.2857142857142857
"2026-09-05",34133.00,96925755.00,60,102.8571428571428571
"2026-09-06",29556.00,96955311.00,48,75.7142857142857143
"2026-09-07",25225.00,96980536.00,43,48.1428571428571429
"2026-09-08",17713.00,96998249.00,38,47.8571428571428571
"2026-10-01",51061.00,97049310.00,55,48.2857142857142857
"2026-10-02",18606.00,97067916.00,50,48.7142857142857143
"2026-10-03",33783.00,97101699.00,48,48.8571428571428571
"2026-10-04",24579.00,97126278.00,46,46.8571428571428571
"2026-10-05",25399.00,97151677.00,51,47.2857142857142857
"2026-10-06",34252.00,97185929.00,60,49.7142857142857143
"2026-10-07",11150.00,97197079.00,35,49.2857142857142857
"2026-10-08",21078.00,97218157.00,40,47.1428571428571429
"2026-11-01",17587.00,97235744.00,40,45.7142857142857143
"2026-11-02",45604.00,97281348.00,67,48.4285714285714286
"2026-11-03",32326.00,97313674.00,44,48.1428571428571429
"2026-11-04",18120.00,97331794.00,54,48.5714285714285714
"2026-11-05",20842.00,97352636.00,58,48.2857142857142857
"2026-11-06",43271.00,97395907.00,48,50.1428571428571429
"2026-11-07",20688.00,97416595.00,40,50.1428571428571429
"2026-11-08",11862.00,97428457.00,30,48.7142857142857143
"2026-12-01",30344.00,97458801.00,42,45.1428571428571429
"2026-12-02",32131.00,97490932.00,47,45.5714285714285714
"2026-12-03",29770.00,97520702.00,48,44.7142857142857143
"2026-12-04",36624.00,97557326.00,65,45.7142857142857143
"2026-12-05",45201.00,97602527.00,45,45.2857142857142857
"2026-12-06",22718.00,97625245.00,50,46.7142857142857143
"2026-12-07",18672.00,97643917.00,41,48.2857142857142857
"2026-12-08",16836.00,97660753.00,40,48.0000000000000000
